NotMapped	yciZ:A5A614
NotMapped	ypfM:A5A621
NotMapped	unreviewed:B8LFD5
NotMapped	nagZ:D0EX67
NotMapped	gsiB:D9IX93
K00033	gnd:P00350
K00244	frdA:P00363
K00262	gdhA:P00370
K03885	ndh:P00393
K04564	sodA:P00448
NotMapped	nrdA:P00452-2
K00688	malP:P00490
K00813	aspC:P00509
K00872	thrB:P00547
K12524	thrA:P00561
K12525	metL:P00562
K03086	rpoD:P00579
K02335	polA:P00582
K03100	lepB:P00803
K01424	ansB:P00805
K01467	ampC:P00811
K01586	lysA:P00861
K01595	ppc:P00864
K01626	aroH:P00887
K01626	aroF:P00888
NotMapped	ilvG:P00892
K01652	ilvI:P00893
K01653	ilvH:P00894
K01657	trpE:P00895
K01664	pabA:P00903
K13497	trpD:P00904
K13498	trpC:P00909
K01753	dsdA:P00926
K01733	thrC:P00934
K01739	metB:P00935
K01805	xylA:P00944
K01809	manA:P00946
K01867	trpS:P00954
K01870	ileS:P00956
K01872	alaS:P00957
K01874	metG:P00959
K01878	glyQ:P00960
K01879	glyS:P00961
K01886	glnS:P00962
K01914	asnA:P00963
K01955	carB:P00968
K02990	rpsF:P02358
K02992	rpsG:P02359
K02876	rplO:P02413
K05366	mrcA:P02918
NotMapped	mrcB:P02919-2
K10537	araF:P02924
K10439	rbsB:P02925
K03832	tonB:P02929
K12340	tolC:P02930
K09476	ompF:P02931
K02024	lamB:P02943
K02313	dnaA:P03004
K02342	dnaQ:P03007
K03657	uvrD:P03018
NotMapped	lacI:P03023
K02529	galR:P03024
NotMapped	ygeA:P03813
K06205	mioC:P03817
K05775	malM:P03841
K00215	dapB:P04036
K01951	guaA:P04079
K11750	frsA:P04335
K00611	argI:P04391
K01920	gshB:P04425
K00832	tyrB:P04693
K01885	gltX:P04805
K01999	livK:P04816
K01256	pepN:P04825
K02073	nlpA:P04846
K02406	fliC:P04949
K00979	kdsB:P04951
K01754	ilvA:P04968
K06726	rbsD:P04982
K10441	rbsA:P04983
K03581	recD:P04993
K01465	pyrC:P05020
K01665	pabB:P05041
K01679	fumC:P05042
K03919	alkB:P05050
K00962	pnp:P05055
K03785	aroD:P05194
K01407	ptrA:P05458
K03473	pdxB:P05459
K01525	apaH:P05637
K02781	srlB:P05706
K00068	srlD:P05707
K01154	hsdS:P05719
K01687	ilvD:P05791
K00053	ilvC:P05793
K03631	recN:P05824
K16089	fepA:P05825
K02521	ilvY:P05827
K01409	gcp:P05852
K16092	btuB:P06129
K03777	dld:P06149
K00432	btuE:P06610
K06074	btuD:P06611
K03168	topA:P06612
K03595	era:P06616
K03524	birA:P06709
K02343	dnaX:P06710
K00383	gor:P06715
K07406	melA:P06720
K01760	metC:P06721
K12113	ebgR:P06846
K00627	aceF:P06959
K00611	argF:P06960
K00974	cca:P06961
NotMapped	dicA:P06966
K01520	dut:P06968
K02014	fhuA:P06971
K02416	fliM:P06974
K01749	hemC:P06983
K00817	hisC:P06986
K01089	hisB:P06987
K00013	hisD:P06988
K11755	hisI:P06989
K02528	rsmA:P06992
K09475	ompC:P06996
K16370	pfkB:P06999
K00324	pntA:P07001
K00156	poxB:P07003
K00147	proA:P07004
K02836	prfB:P07012
K02686	priB:P07013
K00240	sdhB:P07014
K14187	tyrA:P07023
K11751	ushA:P07024
K07782	sdiA:P07026
K01093	appA:P07102
K10017	hisP:P07109
K01873	valS:P07118
K01890	pheT:P07395
K03721	tyrR:P07604
K00651	metA:P07623
K01735	aroB:P07639
K06173	truA:P07649
K00758	deoA:P07650
K00700	glgB:P07762
K01869	leuS:P07813
K02013	fhuC:P07821
K02016	fhuD:P07822
K01921	ddlB:P07862
K00060	tdh:P07913
K01652	ilvB:P08142
K01933	purM:P08178
K11175	purN:P08179
K07350	fimH:P08191
K11754	folC:P08192
K00031	icd:P08200
K01591	pyrF:P08244
K03113	yciH:P08245
K01889	pheS:P08312
K01119	cpdB:P08331
K03574	mutT:P08337
NotMapped	chpS:P08365
K07663	creB:P08368
K00075	murB:P08373
NotMapped	usg:P08390
K03582	recB:P08394
K04773	sppA:P08395
K07258	dacC:P08506
K03686	dnaJ:P08622
K00928	lysC:P08660
K08483	ptsI:P08839
K01153	hsdR:P08956
K03427	hsdM:P08957
K01638	aceB:P08997
K01589	purK:P09029
K01142	xthA:P09030
K00835	avtA:P09053
K00854	xylB:P09099
K01719	hemD:P09126
K02496	hemX:P09127
K01784	galE:P09147
K00965	galT:P09148
K01649	leuA:P09151
K03684	rnd:P09155
K00797	speE:P09158
K01355	ompT:P09169
K07458	vsr:P09184
K03687	grpE:P09372
K00656	pflB:P09373
K01126	glpQ:P09394
K00009	mtlD:P09424
K13821	putA:P09546
K03749	dedD:P09549
K10013	argT:P09551
K00265	gltB:P09831
K00266	gltD:P09832
K02017	modC:P09833
K03656	rep:P09980
NotMapped	yidB:P09996
K03701	uvrA:P0A698
K00925	ackA:P0A6A3
K01703	leuC:P0A6A6
K02078	acpP:P0A6A8
K01775	alr:P0A6B4
K04487	iscS:P0A6B7
K01151	nfo:P0A6C1
K14682	argA:P0A6C5
K00930	argB:P0A6C8
K03402	argR:P0A6D0
K00800	aroA:P0A6D3
K00891	aroK:P0A6D7
K00891	aroL:P0A6E1
K01940	argG:P0A6E4
K02114	atpC:P0A6E6
K01935	ynfK:P0A6E9
K01956	carA:P0A6F1
K00864	glpK:P0A6F3
K04077	groL:P0A6F5
K04078	groS:P0A6F9
K03743	ygaD:P0A6G3
K01358	clpP:P0A6G7
K03544	clpX:P0A6H1
K03667	hslU:P0A6H5
K00945	cmk:P0A6I0
K00867	coaA:P0A6I3
K00954	coaD:P0A6I6
K00859	coaE:P0A6I9
K00860	cysC:P0A6J1
K00285	dadA:P0A6J5
K01921	ddlA:P0A6J8
K01778	dapF:P0A6K1
K01462	def:P0A6K3
K01839	deoB:P0A6K6
K01619	deoC:P0A6L0
K01714	dapA:P0A6L2
K01639	nanA:P0A6L4
K04082	hscB:P0A6L9
K07560	dtd:P0A6M4
K02355	fusA:P0A6M8
K02356	efp:P0A6N4
K02356	yeiP:P0A6N8
K02357	tsf:P0A6P1
K03977	der:P0A6P5
K03978	engB:P0A6P7
K01689	eno:P0A6P9
K01716	fabA:P0A6Q3
K02372	fabZ:P0A6Q6
K00648	fabH:P0A6R0
K03557	fis:P0A6R3
K00057	gpsA:P0A6S7
K01810	pgi:P0A6T1
K00849	galK:P0A6T3
K01495	folE:P0A6T5
K02437	gcvH:P0A6T9
K03495	mnmG:P0A6U3
K03501	rsmG:P0A6U5
K00703	glgA:P0A6U8
K00975	glgC:P0A6V1
K02439	glpE:P0A6V5
K00845	glk:P0A6V8
K01425	glsA:P0A6W0
K03624	greA:P0A6W5
K01919	gshA:P0A6W9
K02492	hemA:P0A6X1
K03666	hfq:P0A6X3
K04764	ihfA:P0A6X7
K05788	ihfB:P0A6Y1
K04083	hslO:P0A6Y5
K04043	dnaK:P0A6Y8
K04044	hscA:P0A6Z1
K04079	htpG:P0A6Z3
K07722	nikR:P0A6Z6
K02519	infB:P0A705
K02520	infC:P0A707
K01627	kdsA:P0A715
K00948	prs:P0A717
K00943	tmk:P0A720
K00677	lpxA:P0A722
K02535	lpxC:P0A725
NotMapped	yceF:P0A729
K01734	mgsA:P0A731
K03608	minE:P0A734
K03637	moaC:P0A738
K07304	msrA:P0A744
K07305	msrB:P0A746
K00790	murA:P0A749
K00969	nadD:P0A752
K11746	kefF:P0A754
K11748	kefG:P0A756
K02564	nagB:P0A759
K01788	nanE:P0A761
K00940	ndk:P0A763
K08311	rppH:P0A776
K03625	nusB:P0A780
K13288	orn:P0A784
K00609	pyrB:P0A786
K01579	panD:P0A790
K03474	pdxJ:P0A794
K00850	pfkA:P0A796
K00927	pgk:P0A799
K15634	gpmB:P0A7A2
K00573	pcm:P0A7A5
K00631	plsB:P0A7A7
K01507	ppa:P0A7A9
K00937	ppk:P0A7B1
K00858	ppnK:P0A7B3
K00931	proB:P0A7B5
K01419	hslV:P0A7B8
K01356	lexA:P0A7C2
K05995	pepE:P0A7C6
K01056	pth:P0A7D1
K01939	purA:P0A7D4
K01923	purC:P0A7D7
K00226	pyrD:P0A7E1
K00762	pyrE:P0A7E3
K01937	pyrG:P0A7E5
K09903	pyrH:P0A7E9
K00610	pyrI:P0A7F3
K01611	speD:P0A7F6
K07568	queA:P0A7F9
K02834	rbfA:P0A7G2
K03553	recA:P0A7G6
K03629	recF:P0A7H0
K06187	recR:P0A7H6
K02835	prfA:P0A7I0
K02837	prfC:P0A7I4
K01497	ribA:P0A7I7
K02858	ribB:P0A7J0
K02864	rplJ:P0A7J3
K02867	rplK:P0A7J7
K02935	rplL:P0A7K2
K02884	rplS:P0A7K6
K02863	rplA:P0A7L0
K02887	rplT:P0A7L3
K02899	rpmA:P0A7L8
K02902	rpmB:P0A7M2
K02904	rpmC:P0A7M6
K02909	rpmE:P0A7M9
K02909	rpmE:P0A7N1
K02911	rpmF:P0A7N4
K02913	rpmG:P0A7N9
K02919	rpmJ:P0A7Q6
K02939	rplI:P0A7R1
K02946	rpsJ:P0A7R5
K02948	rpsK:P0A7R9
K02950	rpsL:P0A7S3
K02952	rpsM:P0A7S9
K02959	rpsP:P0A7T3
K02963	rpsR:P0A7T7
K02965	rpsS:P0A7U3
K02968	rpsT:P0A7U7
K02967	rpsB:P0A7V0
K02982	rpsC:P0A7V3
K02986	rpsD:P0A7V8
K02988	rpsE:P0A7W1
K02994	rpsH:P0A7W7
K02996	rpsI:P0A7X3
K02860	rimM:P0A7X6
K03685	rnc:P0A7Y0
K03469	rnhA:P0A7Y4
K01807	rpiA:P0A7Z0
K03040	rpoA:P0A7Z4
K03060	rpoZ:P0A800
K02838	frr:P0A805
K03550	ruvA:P0A809
K03551	ruvB:P0A812
K00789	metK:P0A817
K01042	selA:P0A821
K06206	sfsA:P0A823
K00600	glyA:P0A825
K03664	smpB:P0A832
K01903	sucC:P0A836
K03787	surE:P0A840
K00773	tgt:P0A847
K03545	tig:P0A850
K01667	tnaA:P0A853
K03641	tolB:P0A855
K01803	tpiA:P0A858
K11065	tpx:P0A862
K00616	talA:P0A867
K00616	talB:P0A870
K00554	trmD:P0A873
K01695	trpA:P0A877
K01696	trpB:P0A879
K03720	trpR:P0A881
K00560	thyA:P0A884
K03183	ubiE:P0A887
K04085	tusA:P0A890
K06958	yhbJ:P0A894
K07042	ybeY:P0A898
NotMapped	yebC:P0A8A0
NotMapped	yeeN:P0A8A2
K09773	ydiA:P0A8A4
K09748	rimP:P0A8A8
NotMapped	yfcN:P0A8B2
K09747	ybaB:P0A8B5
NotMapped	ybjQ:P0A8C1
K09895	ygfB:P0A8C4
K07738	nrdR:P0A8D0
K09768	yaiI:P0A8D3
NotMapped	ymdB:P0A8D6
K07000	ycfP:P0A8E1
K09910	yacL:P0A8E5
K09767	yajQ:P0A8E7
K00761	upp:P0A8F0
K00876	udk:P0A8F4
K03702	uvrB:P0A8F8
K01812	uxaC:P0A8G3
K03809	wrbA:P0A8G6
K03602	xseB:P0A8G9
K09894	yihI:P0A8H6
K09862	yacG:P0A8H8
K07447	yqgF:P0A8I1
K09861	yaaA:P0A8I3
K03439	trmB:P0A8I5
K00783	rlmH:P0A8I8
K02317	dnaT:P0A8J2
K09158	ybeD:P0A8J4
K03732	rhlB:P0A8J8
K01613	psd:P0A8K1
NotMapped	yaeP:P0A8K5
K01875	serS:P0A8L1
K09901	yciU:P0A8L7
K01893	asnS:P0A8M0
K01868	thrS:P0A8M3
K09802	yeeX:P0A8M6
K09911	ycbG:P0A8N0
K04567	lysS:P0A8N3
K04567	lysU:P0A8N5
K04568	poxA:P0A8N7
NotMapped	yggX:P0A8P3
K03733	xerC:P0A8P6
K02553	rraA:P0A8R0
K03745	slyX:P0A8R4
NotMapped	hdfR:P0A8R9
K05596	iciA:P0A8S1
K02687	prmA:P0A8T1
K03046	rpoC:P0A8T7
K15723	syd:P0A8U0
K03764	metJ:P0A8U6
K00784	rnz:P0A8V0
K03043	rpoB:P0A8V2
K03603	fadR:P0A8V6
NotMapped	nanR:P0A8W0
K06075	slyA:P0A8W2
K07735	yqgE:P0A8W5
K09161	yfbU:P0A8W8
K09889	yjgA:P0A8X0
NotMapped	yceI:P0A8X2
K08723	yjjG:P0A8Y1
K07025	yihX:P0A8Y3
K07024	yidA:P0A8Y5
K01175	ybdB:P0A8Y8
K10806	yciA:P0A8Z0
K07107	ybgC:P0A8Z3
K07000	yqiA:P0A8Z7
K03098	blc:P0A901
K07287	nlpB:P0A903
K06077	slyB:P0A905
K07274	mipA:P0A908
K03286	ompA:P0A910
K03640	pal:P0A912
K07275	ompW:P0A915
K11934	ompX:P0A917
K05517	tsx:P0A927
K08304	mltA:P0A935
K07277	yaeT:P0A940
K03789	rimI:P0A944
K03790	rimJ:P0A948
K00657	speG:P0A951
K00647	fabB:P0A953
K01625	eda:P0A955
K14260	yfbQ:P0A959
K01424	ansA:P0A962
K03408	cheW:P0A964
K03704	cspD:P0A968
K03704	cspE:P0A972
K03704	cspG:P0A978
K02338	dnaN:P0A988
K11645	fbaB:P0A991
K03841	fbp:P0A993
K00113	glpC:P0A996
K02217	ftnA:P0A998
K02255	ftnB:P0A9A2
K03531	ftsZ:P0A9A6
K03711	fur:P0A9A9
K00134	gapA:P0A9B2
K03472	epd:P0A9B6
K00111	glpA:P0A9C0
K01785	galM:P0A9C3
K01915	glnA:P0A9C5
K02446	glpX:P0A9C9
K00799	gst:P0A9D2
K00640	cysE:P0A9D4
K00674	dapD:P0A9D8
K01420	fnr:P0A9E5
K11924	mntR:P0A9F1
K13634	cysB:P0A9F3
K03566	gcvA:P0A9F6
K03576	metR:P0A9F9
K11923	cueR:P0A9G4
K01637	aceA:P0A9G6
K02019	modE:P0A9G8
K03649	mug:P0A9H1
K00798	btuR:P0A9H5
K00574	cfa:P0A9H7
K03414	cheZ:P0A9H9
K03567	gcvR:P0A9I3
K00363	nirD:P0A9I8
K08301	rng:P0A9J0
K00077	panE:P0A9J4
K00852	rbsK:P0A9J6
K14170	pheA:P0A9J8
K06217	ybeZ:P0A9K3
K02039	phoU:P0A9K7
K03775	slyD:P0A9K9
K03773	fklB:P0A9L3
K03769	ppiC:P0A9L5
K00286	proC:P0A9L8
K01338	lon:P0A9M0
K00760	hpt:P0A9M2
K00769	gpt:P0A9M5
K13788	pta:P0A9M8
K04069	pflA:P0A9N4
K00382	lpdA:P0A9P0
K00384	trxB:P0A9P4
K05592	deaD:P0A9P6
K00046	idnO:P0A9P9
K07773	arcA:P0A9Q1
K01963	accD:P0A9Q5
K04072	adhE:P0A9Q7
K00133	asd:P0A9Q9
K04755	fdx:P0A9R4
K09812	ftsE:P0A9R7
K00048	fucO:P0A9S1
K00094	gatD:P0A9S3
K00005	gldA:P0A9S5
K01995	livG:P0A9S7
K00058	serA:P0A9T0
NotMapped	tas:P0A9T4
NotMapped	ybaQ:P0A9T6
K02003	ybbA:P0A9T8
NotMapped	ybiT:P0A9U3
K14056	puuR:P0A9U6
K06861	lptB:P0A9V1
K07726	yiaG:P0A9V5
K08318	yihU:P0A9V8
K03477	ulaR:P0A9W0
NotMapped	yjjK:P0A9W3
NotMapped	yrbA:P0A9W6
NotMapped	yrdA:P0A9W9
K09817	znuC:P0A9X1
K03569	mreB:P0A9X4
K03704	cspA:P0A9X9
K03704	cspC:P0A9Y6
K04751	glnB:P0A9Z1
K02784	ptsH:P0AA04
K02871	rplM:P0AA10
K07659	ompR:P0AA16
K03671	trxA:P0AA25
NotMapped	yedF:P0AA31
K06177	rluA:P0AA37
K06179	rluC:P0AA39
K06175	truC:P0AA41
K06183	rsuA:P0AA43
K07156	yobA:P0AA57
K07285	yeaY:P0AA91
NotMapped	yacC:P0AA95
NotMapped	yaeQ:P0AA97
NotMapped	yafK:P0AA99
K08996	yagU:P0AAA1
K07803	zraP:P0AAA9
K03182	ubiD:P0AAB4
K00963	galF:P0AAB6
K14065	uspD:P0AAB8
K14055	uspE:P0AAC0
K13628	iscA:P0AAC8
K03837	sdaC:P0AAD6
K10000	artP:P0AAF6
K12371	dppD:P0AAG0
K10004	gltL:P0AAG3
K10542	mglA:P0AAG8
K02036	pstB:P0AAH0
K12371	sapD:P0AAH4
K12372	sapF:P0AAH8
K03798	ftsH:P0AAI3
K09458	fabF:P0AAI5
K00645	fabD:P0AAI9
K00124	fdoH:P0AAJ5
NotMapped	hybA:P0AAJ8
NotMapped	hybE:P0AAN1
K04652	hypB:P0AAN3
NotMapped	yaiA:P0AAN5
NotMapped	iraP:P0AAN9
NotMapped	frmR:P0AAP3
NotMapped	yajD:P0AAQ2
NotMapped	ybaA:P0AAQ6
NotMapped	ybaK:P0AAR3
K02237	ybaV:P0AAR8
K14761	ybcJ:P0AAS7
NotMapped	ybdD:P0AAS9
NotMapped	ybdF:P0AAT2
K09710	ybeB:P0AAT6
NotMapped	ybeL:P0AAT9
NotMapped	ybfE:P0AAU7
NotMapped	ybgJ:P0AAV4
NotMapped	ybgS:P0AAV6
K06896	ybhP:P0AAW1
NotMapped	ybiJ:P0AAX3
K13650	mcbA:P0AAX6
K16291	ybiS:P0AAX8
K07478	rarA:P0AAZ4
K09791	ycaR:P0AAZ7
K09857	ymbA:P0AB10
NotMapped	yccJ:P0AB14
K11179	tusE:P0AB18
K11940	hspQ:P0AB20
K07224	ycdO:P0AB24
NotMapped	yceB:P0AB26
K07040	yceD:P0AB28
NotMapped	ycfJ:P0AB35
K07337	lpoB:P0AB38
K12151	bhsA:P0AB40
K09902	ycgL:P0AB43
NotMapped	ymgD:P0AB46
K06039	ychN:P0AB52
K09780	yciI:P0AB55
NotMapped	yciM:P0AB58
NotMapped	yciN:P0AB61
K01512	yccX:P0AB65
K00325	pntB:P0AB67
K01624	fbaA:P0AB71
K00639	kbl:P0AB77
K00826	ilvE:P0AB80
K10773	nth:P0AB83
K01628	fucA:P0AB87
K01756	purB:P0AB89
K01626	aroG:P0AB91
K00537	arsC:P0AB96
K02109	atpF:P0ABA0
K02113	atpH:P0ABA4
K02115	atpG:P0ABA6
K02111	atpA:P0ABB0
K02112	atpD:P0ABB4
K04087	hflC:P0ABC3
K04088	hflK:P0ABC7
K03594	bfr:P0ABD3
K01962	accA:P0ABD5
K02160	accB:P0ABD8
K05527	bolA:P0ABE2
K00970	pcnB:P0ABF1
K04027	eutM:P0ABF4
K01489	cdd:P0ABF6
K03590	ftsA:P0ABH0
K01647	gltA:P0ABH7
K03694	clpA:P0ABH9
K02297	cyoA:P0ABJ1
K00425	cydA:P0ABJ9
K01738	cysK:P0ABK5
K03784	deoD:P0ABP8
K13038	coaB:P0ABQ0
K00042	garR:P0ABQ2
K00287	folA:P0ABQ4
K12149	dinI:P0ABR1
K06204	dksA:P0ABS1
K02316	dnaG:P0ABS5
K04047	dps:P0ABT2
K05540	dusB:P0ABT5
K01661	menB:P0ABU0
K06942	engD:P0ABU2
NotMapped	elbB:P0ABU5
K03559	exbD:P0ABV2
K03840	fldB:P0ABY4
K02410	fliG:P0ABZ1
K03270	kdsC:P0ABZ4
K03771	surA:P0ABZ6
K10708	frlB:P0AC00
K05807	yfiO:P0AC02
K00796	folP:P0AC13
K07589	folX:P0AC19
NotMapped	ygfA:P0AC28
K01676	fumA:P0AC33
K01744	aspA:P0AC38
K00239	sdhA:P0AC41
K00245	frdB:P0AC47
K09823	zur:P0AC51
K00036	zwf:P0AC53
K04752	glnK:P0AC55
K03675	grxB:P0AC59
K03676	grxC:P0AC62
K06191	nrdH:P0AC65
K07390	grxD:P0AC69
K02527	waaA:P0AC75
K01759	gloA:P0AC81
K01069	gloB:P0AC84
NotMapped	gnsA:P0AC92
NotMapped	yibF:P0ACA1
K03599	sspA:P0ACA3
NotMapped	yliJ:P0ACA7
K02314	dnaB:P0ACB0
K01698	hemB:P0ACB2
K00230	hemG:P0ACB4
K02493	hemK:P0ACC1
K15724	erpA:P0ACC3
K04042	glmU:P0ACC7
K04488	nifU:P0ACD4
K06281	hybC:P0ACE0
K05839	hha:P0ACE3
K02503	hinT:P0ACE7
K05787	hupA:P0ACF0
K03530	hupB:P0ACF4
K03746	hns:P0ACF8
K11685	stpA:P0ACG1
K04762	hslR:P0ACG8
K05804	rob:P0ACI0
K02529	xylR:P0ACI3
K03718	asnC:P0ACI6
K03719	lrp:P0ACJ0
K10914	crp:P0ACJ8
K02081	agaR:P0ACK2
K11534	deoR:P0ACK5
K02430	fucR:P0ACK8
K02444	glpR:P0ACL0
NotMapped	exuR:P0ACL2
K11474	glcC:P0ACL5
K14348	lldR:P0ACL7
K05799	pdhR:P0ACL9
NotMapped	ydfH:P0ACM2
NotMapped	yegW:P0ACM5
NotMapped	yihL:P0ACM9
NotMapped	ytfH:P0ACN2
K10973	allR:P0ACN4
K05499	cytR:P0ACN7
K03435	fruR:P0ACP1
K06145	gntR:P0ACP5
K03604	purR:P0ACP7
K04761	oxyR:P0ACQ4
NotMapped	yeiE:P0ACR4
K15974	mprA:P0ACR9
K13639	soxR:P0ACS2
K13638	zntR:P0ACS5
NotMapped	rpiR:P0ACS7
K16138	uidR:P0ACT6
NotMapped	yjdC:P0ACU7
K02517	htrB:P0ACV0
K14054	mpaA:P0ACV6
NotMapped	ymjA:P0ACV8
K09794	ydcH:P0ACW6
NotMapped	ydhR:P0ACX3
NotMapped	ydhZ:P0ACX5
NotMapped	ydjA:P0ACY1
K07180	yeaG:P0ACY3
K09918	yebG:P0ACY9
K07690	evgA:P0ACZ4
K07665	cusR:P0ACZ8
K07039	yecA:P0AD05
NotMapped	yecF:P0AD07
NotMapped	yecJ:P0AD10
NotMapped	yeeZ:P0AD12
NotMapped	yejG:P0AD21
K09904	yejL:P0AD24
K07014	yejM:P0AD27
NotMapped	yfcZ:P0AD33
NotMapped	yfeC:P0AD37
K09954	ypeB:P0AD40
K05809	raiA:P0AD49
NotMapped	ygaC:P0AD53
K02523	ispB:P0AD57
NotMapped	ivy:P0AD59
K00873	pykF:P0AD61
K05515	mrdA:P0AD65
K03587	ftsI:P0AD68
NotMapped	ampH:P0AD70
K01999	livJ:P0AD96
K10804	tesA:P0ADA1
K06194	nlpD:P0ADA3
K07286	yajG:P0ADA5
K04064	osmE:P0ADB1
K16348	ecnB:P0ADB7
K03643	lptE:P0ADC1
NotMapped	yjiX:P0ADC8
K07278	ytfM:P0ADE4
NotMapped	ygaU:P0ADE6
K06980	ygfZ:P0ADE8
K01690	edd:P0ADF6
K01653	ilvN:P0ADF8
K01092	suhB:P0ADG4
K00088	guaB:P0ADG7
K01252	entB:P0ADI4
NotMapped	yecD:P0ADI7
NotMapped	yiaF:P0ADK0
NotMapped	yibA:P0ADK6
K14762	yibL:P0ADK8
NotMapped	yidQ:P0ADM4
K09897	yifE:P0ADN2
NotMapped	yifL:P0ADN6
K07025	yigB:P0ADP0
NotMapped	yigI:P0ADP2
K09896	yihD:P0ADP9
NotMapped	yiiD:P0ADQ2
NotMapped	ygaM:P0ADQ7
K06968	rlmM:P0ADR6
K06966	ygdH:P0ADR8
K09888	zapA:P0ADS2
K09807	yggE:P0ADS6
NotMapped	yggN:P0ADS9
NotMapped	ygiB:P0ADT2
NotMapped	ygiC:P0ADT5
K07184	ygiM:P0ADT8
NotMapped	ygiN:P0ADU2
NotMapped	ygiW:P0ADU5
K09920	yqiB:P0ADU7
K09774	lptA:P0ADV1
NotMapped	yhbW:P0ADV5
K07323	mlaC:P0ADV7
K09908	yhcB:P0ADW3
K07070	yheV:P0ADW8
K07397	yhfA:P0ADX1
NotMapped	yhfG:P0ADX5
NotMapped	yhhA:P0ADX7
K08316	rsmD:P0ADX9
K03770	ppiD:P0ADY1
K02874	rplN:P0ADY3
K02878	rplP:P0ADY7
K02892	rplW:P0ADZ0
K02956	rpsO:P0ADZ4
K03210	yajC:P0ADZ7
K15396	trmJ:P0AE01
K03585	acrA:P0AE06
K03386	ahpC:P0AE08
K01241	amn:P0AE12
K01265	map:P0AE18
K03788	aphA:P0AE22
K14591	aroM:P0AE28
K02477	ypdB:P0AE39
NotMapped	ytfP:P0AE48
K03564	bcp:P0AE52
K15722	cedA:P0AE60
K06197	chaB:P0AE63
K03413	cheY:P0AE67
K07171	mazF:P0AE70
K07172	mazE:P0AE72
K02231	cobU:P0AE76
K06189	corC:P0AE78
K06006	cpxP:P0AE85
K07662	cpxR:P0AE88
K05805	creA:P0AE91
K06214	csgG:P0AEA2
K02302	cysG:P0AEA8
K07258	dacA:P0AEB2
NotMapped	yoaB:P0AEB7
K07648	arcB:P0AEC3
K06149	uspA:P0AED0
K07689	uvrY:P0AED5
K01439	dapE:P0AED7
K00558	dcm:P0AED9
NotMapped	dcrB:P0AEE1
K10540	mglB:P0AEE5
K06223	dam:P0AEE8
K02315	dnaC:P0AEF0
K07702	dpiA:P0AEF4
K12369	dppB:P0AEF8
K03673	dsbA:P0AEG4
K03981	dsbC:P0AEG6
K02348	elaA:P0AEH3
K05594	elaB:P0AEH5
K06168	miaB:P0AEI1
K14441	rimO:P0AEI4
K12152	nudJ:P0AEI6
K02361	entC:P0AEJ2
K10857	exoX:P0AEK0
K00059	fabG:P0AEK2
K00208	fabI:P0AEK4
K04758	feoA:P0AEL3
K02016	fepB:P0AEL6
K03774	fkpB:P0AEM0
K02398	flgM:P0AEM4
K02405	fliA:P0AEM6
K02424	fliY:P0AEM9
K05368	fre:P0AEN1
K02431	fucU:P0AEN8
K00963	galU:P0AEP3
K11477	glcG:P0AEQ1
K10036	glnH:P0AEQ3
K01460	gsp:P0AES0
K01706	gudD:P0AES2
K02469	gyrA:P0AES4
K02470	gyrB:P0AES6
NotMapped	hdeA:P0AES9
NotMapped	hdeB:P0AET2
K00076	hdhA:P0AET8
K10014	hisJ:P0AEU0
K06142	skp:P0AEU7
K02485	hnr:P0AEV1
K03651	icc:P0AEW4
K00892	gsk:P0AEW6
K00882	fruK:P0AEW9
K00855	prkB:P0AEX5
K10108	malE:P0AEX9
K04765	mazG:P0AEY3
K03923	mdaB:P0AEY5
K08160	mdfA:P0AEY8
K00297	metF:P0AEZ1
K03609	minD:P0AEZ3
K03638	moaB:P0AEZ9
K03831	mog:P0AF03
K03593	mrp:P0AF08
K01243	mtnN:P0AF12
K01443	nagA:P0AF18
K02565	nagC:P0AF20
K02566	nagD:P0AF24
K07684	narL:P0AF28
K09892	zapB:P0AF36
NotMapped	yjbQ:P0AF48
NotMapped	yjbR:P0AF50
K07126	yjcO:P0AF56
NotMapped	yjdI:P0AF59
K13771	nsrR:P0AF63
K06925	yjeE:P0AF67
NotMapped	yjeI:P0AF70
NotMapped	yjfN:P0AF82
K09893	rraB:P0AF90
K09022	yjgF:P0AF93
NotMapped	yjgK:P0AF96
K07708	glnL:P0AFB5
K07712	glnG:P0AFB8
K08310	nudB:P0AFC0
K00331	nuoB:P0AFC7
K00334	nuoE:P0AFD1
K00338	nuoI:P0AFD6
K02600	nusA:P0AFF6
K02601	nusG:P0AFG0
K00164	sucA:P0AFG3
K00658	sucB:P0AFG6
K00163	aceE:P0AFG8
K00567	ogt:P0AFH0
K04065	osmY:P0AFH8
K02621	parC:P0AFI2
K07262	pbpG:P0AFI5
K00275	pdxH:P0AFI7
K06193	phnA:P0AFJ1
K07657	phoB:P0AFJ5
K03592	pmbA:P0AFK0
K11069	potD:P0AFK9
K03767	ppiA:P0AFL3
K01524	ppx:P0AFL6
K02002	proX:P0AFM2
NotMapped	psiF:P0AFM4
K03969	pspA:P0AFM6
K00540	ybbO:P0AFP4
NotMapped	ybgI:P0AFP6
K03424	ycfH:P0AFQ7
K07001	rssA:P0AFR0
K07566	yciO:P0AFR4
K13938	folM:P0AFS3
K02477	yehT:P0AFT5
K07715	yfhA:P0AFU4
K00793	ribE:P0AFU8
K13694	spr:P0AFV4
K05785	rfaH:P0AFW0
K03812	rmf:P0AFW2
K06140	rnk:P0AFW4
NotMapped	rof:P0AFW8
K05808	yhbH:P0AFX0
K07740	rsd:P0AFX4
K03597	rseA:P0AFX7
K03598	rseB:P0AFX9
K03645	seqA:P0AFY8
NotMapped	sseB:P0AFZ1
K03600	sspB:P0AFZ3
K01783	rpe:P0AG07
K00764	purF:P0AG16
K01588	purE:P0AG18
K00951	relA:P0AG20
NotMapped	yibN:P0AG27
K03628	rho:P0AG30
K11753	ribF:P0AG40
K02879	rplQ:P0AG44
K02888	rplU:P0AG48
K02907	rpmD:P0AG51
K02933	rplF:P0AG55
K02954	rpsN:P0AG59
K02961	rpsQ:P0AG63
K02945	rpsA:P0AG67
K03547	sbcD:P0AG76
K02048	sbp:P0AG78
K05813	ugpB:P0AG80
K02040	pstS:P0AG82
K00540	yghA:P0AG84
K03071	secB:P0AG86
K03072	secD:P0AG90
K03075	secG:P0AG99
K07686	uhpA:P0AGA6
K01079	serB:P0AGB0
K03088	rpoE:P0AGB6
K08309	slt:P0AGC3
K04565	sodC:P0AGD1
K04564	sodB:P0AGD3
K03106	ffh:P0AGD7
K03111	ssb:P0AGE0
NotMapped	yieF:P0AGE6
K01902	sucD:P0AGE9
K02426	ygdK:P0AGF2
K00946	thiL:P0AGG0
K10805	tesB:P0AGG2
K03672	trxC:P0AGG4
K03568	tldD:P0AGG8
K03499	trkA:P0AGI8
K00556	trmH:P0AGJ2
K03214	yfiF:P0AGJ5
K03216	trmL:P0AGJ7
K01866	tyrS:P0AGJ9
K07574	yhbY:P0AGK4
K13643	iscR:P0AGK8
NotMapped	yfjG:P0AGL5
K09761	rsmE:P0AGL7
K02881	rplR:P0C018
K09913	yaiE:P0C037
K04080	ibpA:P0C054
K04081	ibpB:P0C058
K08306	mltC:P0C066
NotMapped	relB:P0C079
K05501	slmA:P0C093
NotMapped	rdoA:P0C0K3
K04063	osmC:P0C0L2
NotMapped	iscX:P0C0L9
K02427	rlmE:P0C0R7
K07261	mepA:P0C0T5
K05844	rimK:P0C0U4
K04771	degP:P0C0V0
K08302	gatY:P0C8J6
K16371	gatZ:P0C8J8
K16371	kbaZ:P0C8K0
K08308	emtA:P0C960
NotMapped	cptA:P0CB39
K02358	tufA:P0CE47
NotMapped	insH:P0CE49
NotMapped	JW58:P0CE60
NotMapped	insC:P0CF40
K00989	rph:P0CG19
K03642	rlpA:P10100
K03110	ftsY:P10121
K10038	glnQ:P10346
K01814	hisA:P10371
K02363	entE:P10378
K06076	fadL:P10384
K03070	secA:P10408
K09612	iap:P10423
K00748	lpxB:P10441
K03470	rnhB:P10442
K02337	dnaE:P10443
K00278	nadB:P10902
K05816	ugpC:P10907
K01126	ugpQ:P10908
K00371	narH:P11349
K00145	argC:P11446
K01755	argH:P11447
K03517	nadA:P11458
K03112	damX:P11557
K01887	argS:P11875
K01929	murF:P11880
K01736	aroC:P12008
K03750	moeA:P12281
K11996	moeB:P12282
K03648	ung:P12295
K00757	udp:P12758
K06910	ybhB:P12994
K00833	bioA:P12995
K01012	bioB:P12996
K00652	bioF:P12998
K02169	bioC:P12999
K01935	bioD:P13000
K02170	bioH:P13001
K00548	metH:P13009
K03806	ampD:P13016
K02380	fdhE:P13024
K03782	katG:P13029
K00112	glpB:P13033
K00111	glpD:P13035
K16091	fecA:P13036
K07214	fes:P13039
K03087	rpoS:P13445
K03546	sbcC:P13458
K01194	treA:P13482
K13381	chiA:P13656
K11922	mngR:P13669
K03817	rimL:P13857
K03833	selB:P14081
K02000	proV:P14175
K03169	topB:P14294
K01676	fumB:P14407
K01925	murD:P14900
K02016	fecB:P15028
K02013	fecE:P15031
K01262	pepP:P15034
K03658	helD:P15038
K01972	ligA:P15042
K00216	entA:P15047
K06200	cstA:P15078
K02468	srlR:P15082
K01952	purL:P15254
K01270	pepD:P15288
NotMapped	sohA:P15373
K00602	purH:P15639
K01945	purD:P15640
K00014	aroE:P15770
K00117	gcd:P15877
K01752	sdaA:P16095
K00791	miaA:P16384
K01008	selD:P16456
K10748	tus:P16525
K13641	iclR:P16528
K01881	proS:P16659
K02045	cysA:P16676
K04750	phnB:P16681
K09994	phnO:P16691
K06167	phnP:P16692
K02048	cysP:P16700
K12339	cysM:P16703
K03570	mreC:P16926
K02551	menD:P17109
K02467	gutQ:P17115
K10678	nfsA:P17117
K00820	glmS:P17169
K16089	cirA:P17315
K02563	murG:P17443
K00130	betB:P17445
K00381	cysI:P17846
K00390	cysH:P17854
K04066	priA:P17888
K01924	murC:P17952
K00568	ubiG:P17993
K00763	pncB:P18133
K03610	minC:P18196
K00821	argD:P18335
NotMapped	yjjA:P18390
NotMapped	ybdZ:P18393
K01916	nadE:P18843
K00681	ggt:P18956
K00097	pdxA:P19624
K03736	eutC:P19636
K01085	agp:P19926
K02622	parE:P20083
K08351	bisC:P20099
K04095	fic:P20605
K00632	fadA:P21151
K00957	cysD:P21156
K01271	pepQ:P21165
K01581	speC:P21169
K01585	speA:P21170
K01825	fadB:P21177
K03781	katE:P21179
K01169	rna:P21338
K06884	yciG:P21361
NotMapped	yciF:P21362
NotMapped	yciE:P21363
NotMapped	ycaC:P21367
K08281	pncA:P21369
NotMapped	nmpC:P21420
K12573	rnr:P21499
K05590	srmB:P21507
K08300	rne:P21513
K08682	acpH:P21515
K00873	pykA:P21599
K02536	lpxD:P21645
K05591	dbpA:P21693
K07024	ybhA:P21829
K07667	kdpE:P21866
K01883	cysS:P21888
K01876	aspS:P21889
K07462	recJ:P21893
K01953	asnB:P22106
K03925	mraZ:P22186
K01928	murE:P22188
K01082	cysQ:P22255
K07250	gabT:P22256
K01610	pckA:P22259
K01488	add:P22333
K03632	mukB:P22523
K03804	mukE:P22524
NotMapped	ycbB:P22525
K12700	rihC:P22564
K01776	murI:P22634
K01996	livF:P22731
K00795	ispA:P22939
K00557	trmA:P23003
K09921	yigA:P23305
K00857	tdk:P23331
K03572	mutL:P23367
K07165	fecR:P23485
K01630	garL:P23522
K01007	ppsA:P23538
K00831	serC:P23721
K08276	eco:P23827
K00998	pssA:P23830
K07660	phoP:P23836
NotMapped	yicC:P23839
K14623	dinD:P23840
K15580	oppA:P23843
K00956	cysN:P23845
K12368	dppA:P23847
K03972	pspE:P23857
K04067	priC:P23862
K03797	prc:P23865
K03768	ppiB:P23869
K01772	hemH:P23871
K00604	fmt:P23882
K09472	puuC:P23883
K01845	hemL:P23893
K03799	htpX:P23894
K01438	argE:P23908
K03555	mutS:P23909
K00847	mak:P23917
K01284	dcp:P24171
K02841	rfaC:P24173
NotMapped	yffB:P24178
K01961	accC:P24182
K01491	folD:P24186
K07146	yceA:P24188
NotMapped	ygiD:P24197
K07448	mrr:P24202
NotMapped	yjiA:P24203
K02560	msbB:P24205
K01686	uxuA:P24215
K00997	acpS:P24224
K07259	dacB:P24228
K03655	recG:P24230
K05916	hmp:P24232
K03487	ascG:P24242
K11926	crl:P24251
NotMapped	ybgA:P24252
K03092	rpoN:P24255
K04485	radA:P24554
K16868	tehB:P25397
K00121	frmA:P25437
K01681	acnA:P25516
K03665	hflX:P25519
K03650	mnmE:P25522
K01485	codA:P25524
K00135	gabD:P25526
K03185	ubiH:P25534
NotMapped	visC:P25535
K06287	yhdE:P25536
K11752	ribD:P25539
K07248	aldA:P25553
K00549	metE:P25665
K01176	malS:P25718
K12147	msyB:P25738
K02844	rfaG:P25740
K00566	mnmA:P25745
K07153	hflD:P25746
K02529	galS:P25748
K07387	yggG:P25894
NotMapped	ydbC:P25906
K00950	folK:P26281
K01448	amiB:P26365
K03181	ubiC:P26602
K01176	amyA:P26612
K00027	maeA:P26616
NotMapped	yhdH:P26646
K04753	sufI:P26648
NotMapped	glgS:P26649
NotMapped	yfeD:P27238
K03621	plsX:P27247
K00605	gcvT:P27248
K00990	glnD:P27249
K12957	yjgB:P27250
K06211	nadR:P27278
K01414	prlC:P27298
K00615	tktA:P27302
K01894	gluQ:P27305
K00322	sthA:P27306
NotMapped	ycfD:P27431
K15539	rodZ:P27434
K01895	acs:P27550
K01791	wecB:P27828
K02472	wecC:P27829
K01710	rffG:P27830
K16704	rffC:P27832
K02805	rffA:P27833
K02852	wecG:P27836
K06202	cyaY:P27838
K07024	yigL:P27848
K03424	tatD:P27859
NotMapped	yigZ:P27862
K01494	dcd:P28248
K00344	qorA:P28304
K02619	pabC:P28305
K02341	holB:P28631
K02344	holD:P28632
NotMapped	yaeB:P28634
K02073	metQ:P28635
K00528	fpr:P28861
K00527	nrdD:P28903
K01226	treC:P28904
K02339	holC:P28905
K01775	dadX:P29012
NotMapped	ycgB:P29013
K16013	cydD:P29018
K03591	ftsN:P29131
K02549	menC:P29208
K09915	yceH:P29217
K01599	hemE:P29680
K01258	pepT:P29745
K00767	nadC:P30011
K03683	rnt:P30014
K00052	leuB:P30125
K01704	leuD:P30126
K04760	greB:P30128
K01816	hyi:P30147
NotMapped	ybiB:P30177
K13574	ybiC:P30178
K01752	sdaB:P30744
K03636	moaD:P30748
K03635	moaE:P30749
K02071	metN:P30750
K07771	basR:P30843
K01147	rnb:P30850
K09997	artI:P30859
K09996	artJ:P30860
K06222	dkgB:P30863
NotMapped	yafC:P30864
NotMapped	ygiF:P30871
K03723	mfd:P30958
K00606	panB:P31057
K05776	modF:P31060
NotMapped	yedD:P31063
K10716	kch:P31069
K03431	glmM:P31120
NotMapped	ydeI:P31130
NotMapped	ydeJ:P31131
K11073	potF:P31133
K11076	potG:P31134
K01011	sseA:P31142
K01486	ade:P31441
NotMapped	yidR:P31455
K00883	dgoK:P31459
NotMapped	dgoR:P31460
NotMapped	yieH:P31467
K03924	ravA:P31473
NotMapped	yieP:P31475
K16301	ycdB:P31545
K02064	thiB:P31550
K08299	caiD:P31551
K04744	lptD:P31554
K11739	nfrA:P31600
K05523	hchA:P31658
K01659	prpC:P31660
K01918	panC:P31663
K00697	otsA:P31677
K01087	otsB:P31678
K07346	fimC:P31697
K07685	narP:P31802
NotMapped	yjeF:P31806
NotMapped	yciK:P31808
K15460	yfiC:P31825
NotMapped	yddB:P31827
K07263	pqqL:P31828
K00335	nuoF:P31979
K01821	pptA:P31992
K03800	lplA:P32099
K03753	mobB:P32125
K02495	hemN:P32131
K06207	typA:P32132
NotMapped	yihM:P32134
K01671	yihT:P32141
NotMapped	yihW:P32144
NotMapped	yiiM:P32157
NotMapped	yiiQ:P32160
NotMapped	yiiS:P32162
K03752	mobA:P32173
K00123	fdoG:P32176
K02379	fdhD:P32177
K01091	gph:P32662
K03426	nudC:P32664
NotMapped	yijO:P32677
K09891	yjaG:P32680
K06182	rluF:P32684
NotMapped	yjbD:P32685
K05539	dusA:P32695
K14393	actP:P32705
K07470	gyrI:P33012
NotMapped	yeeD:P33014
K07112	yeeE:P33015
K01070	yeiG:P33018
K16329	psuG:P33025
K00540	yeiQ:P33029
NotMapped	yeiR:P33030
K03670	mdoG:P33136
K00281	gcvP:P33195
NotMapped	yebE:P33218
NotMapped	yebF:P33219
K08289	purT:P33221
K00101	lldD:P33232
NotMapped	yehS:P33355
K05847	yehX:P33360
K05845	osmF:P33362
K05349	bglX:P33363
K00540	yohF:P33368
K05541	dusC:P33371
K00615	tktB:P33570
K13378	nuoC:P33599
K00336	nuoG:P33602
K06180	rluD:P33643
K05810	yfiH:P33644
K06917	selU:P33667
K13893	yejA:P33913
K06899	yejK:P33920
K02567	napA:P33937
K00116	mqo:P33940
NotMapped	ydcF:P34209
K03387	ahpF:P35340
K01448	amiA:P36548
K00228	hemF:P36553
K00768	cobT:P36562
K06219	smtA:P36566
K14588	cueO:P36649
K05516	cbpA:P36659
NotMapped	wbbL:P36667
K02818	treB:P36672
K03485	treR:P36673
NotMapped	yacF:P36680
K01682	acnB:P36683
K03554	rdgC:P36767
NotMapped	lrhA:P36771
K01990	yadG:P36879
K04046	yegD:P36928
K03500	rsmB:P36929
NotMapped	gatR:P36930
K01835	pgm:P36938
K06941	rlmN:P36979
K03704	cspB:P36995
K00563	rlmA:P36999
K02533	lasT:P37005
K06858	btuF:P37028
K01433	purU:P37051
K09858	ychJ:P37052
K07751	pepB:P37095
NotMapped	aegA:P37127
K12945	nudK:P37128
K00526	nrdF:P37146
K08484	ptsP:P37177
K08567	hybD:P37182
K02774	gatB:P37188
K07285	slp:P37194
K12372	dppF:P37313
NotMapped	ybcH:P37325
K02020	modA:P37329
K01638	glcB:P37330
K15735	csiR:P37338
K15736	lhgO:P37339
K03974	pspF:P37344
NotMapped	yecE:P37348
K05881	dhaM:P37349
K01808	rpiB:P37351
K10543	xylF:P37387
K00540	ucpA:P37440
NotMapped	pmrD:P37590
K13051	iaaA:P37595
K03119	tauD:P37610
NotMapped	yhhK:P37613
K01993	yhiI:P37626
K07007	yhiN:P37631
K07115	yhiR:P37634
NotMapped	mdtE:P37636
K07058	yhjD:P37642
K07290	yhjG:P37645
K00874	kdgK:P37647
NotMapped	yhjJ:P37648
NotMapped	yhjU:P37659
K12975	eptB:P37661
NotMapped	yiaD:P37665
K00090	ghrB:P37666
NotMapped	yiaJ:P37671
NotMapped	yiaO:P37676
K03081	sgbH:P37678
K00138	aldB:P37685
K15633	gpmI:P37689
NotMapped	yibP:P37690
K09798	yibQ:P37691
K02843	rfaF:P37692
K00973	rmlA:P37744
K01790	rfbC:P37745
K01854	glf:P37747
NotMapped	yefG:P37749
K06998	yddE:P37757
K01710	rfbB:P37759
K00067	rfbD:P37760
K06178	rluB:P37765
NotMapped	yfhH:P37767
K00065	kduD:P37769
K02558	mpl:P37773
K10010	yecC:P37774
K03478	chbG:P37794
K10001	gltI:P37902
K14061	uspF:P37903
K00380	cysJ:P38038
K02552	menF:P38051
K08323	rspA:P38104
K08322	rspB:P38105
K10679	nfnB:P38489
K01146	ygdG:P38506
K09923	yggL:P38521
K07772	torR:P38684
K04772	degQ:P39099
K00040	uxuB:P39160
K13637	uxuR:P39161
K09815	znuA:P39172
K01792	yeaD:P39173
K16291	erfK:P39176
K11932	uspG:P39177
K12687	flu:P39180
K07109	ytfJ:P39187
K07320	yfcB:P39199
K00851	idnK:P39208
K10549	alsB:P39265
NotMapped	yjeK:P39280
K06949	rsgA:P39286
K07269	ytfB:P39310
NotMapped	qorB:P39315
K02058	ytfQ:P39325
NotMapped	yjgH:P39332
NotMapped	yjgJ:P39334
K03828	yjgM:P39337
K06915	yjgR:P39342
K00098	idnD:P39346
NotMapped	yjhC:P39353
NotMapped	yjhU:P39356
K01714	yjhH:P39359
K02773	sgcA:P39363
K06971	sgcQ:P39364
NotMapped	sgcX:P39366
NotMapped	nanM:P39371
K07559	kptA:P39380
K01002	mdoB:P39401
K13255	fhuF:P39405
K00564	rsmC:P39406
NotMapped	yjjU:P39407
K03424	yjjV:P39408
NotMapped	yjjX:P39411
K13953	adhP:P39451
K01708	garD:P39829
K16066	ydfG:P39831
K07676	rcsD:P39838
NotMapped	mdoD:P40120
K00868	pdxK:P40191
K06079	nlpE:P40710
K02846	solA:P40874
NotMapped	ybiI:P41039
K08305	mltB:P41052
K01118	azoR:P41407
K01250	rihA:P41409
K09251	patA:P42588
K00219	fadH:P42593
K11391	rlmG:P42596
K07043	ygjP:P42597
NotMapped	ygjR:P42599
NotMapped	yqjC:P42616
K07393	yqjG:P42620
K06911	yhaK:P42624
NotMapped	yhaM:P42626
K00656	tdcE:P42632
K03979	obgE:P42641
K02745	agaV:P42904
K03578	hrpA:P43329
NotMapped	nudL:P43337
K00358	ycaK:P43340
K06192	pqiB:P43671
K15738	uup:P43672
K06041	kdsD:P45395
NotMapped	yhcH:P45424
K00885	nanK:P45425
K07121	lpoA:P45464
NotMapped	yraR:P45469
K05520	yhbO:P45470
K03772	fkpA:P45523
K07019	yheT:P45524
K07237	tusB:P45530
K07236	tusC:P45531
K07235	tusD:P45532
K10711	frlR:P45544
NotMapped	yhfZ:P45552
K00099	dxr:P45568
K03607	proQ:P45577
K07173	luxS:P45578
K08317	ybdH:P45579
K07566	rimN:P45748
K07479	yrdD:P45771
NotMapped	yrdB:P45795
K08312	nudE:P45799
NotMapped	ybgF:P45955
K03814	mtgA:P46022
NotMapped	hexR:P46118
NotMapped	yajI:P46122
K01051	ybhC:P46130
K06950	yedJ:P46144
NotMapped	yhdP:P46474
K06959	yhgF:P46837
K06911	yhhW:P46852
NotMapped	yhhX:P46853
K03825	yhhY:P46854
K00851	gntK:P46859
NotMapped	yecH:P46887
K14064	uspC:P46888
K03466	ftsK:P46889
K05522	nei:P50465
K01666	mhpE:P51020
K09912	yaiL:P51024
K01070	frmB:P51025
NotMapped	ycjG:P51981
K12944	nudI:P52006
K09907	yecM:P52007
NotMapped	ygfF:P52037
K09131	yggU:P52060
K02428	rdgB:P52061
K02495	yggW:P52062
K11472	glcE:P52073
K07666	qseB:P52076
K08234	yaeR:P52096
K04075	tilS:P52097
K04333	csgD:P52106
K07661	rstA:P52108
K09801	yfjF:P52119
NotMapped	ygbI:P52598
K03778	ldhA:P52643
K03737	ydbK:P52647
K07404	pgl:P52697
K15524	mngB:P54746
K03215	rumA:P55135
K01061	ysgA:P56262
NotMapped	ymdF:P56614
K02774	sgcB:P58035
NotMapped	yciX:P58094
K03580	rapA:P60240
K03633	mukF:P60293
K03177	truB:P60340
K03438	rsmH:P60390
K02886	rplB:P60422
K02906	rplC:P60438
K00806	uppS:P60472
K00942	gmk:P60546
K00364	guaC:P60560
K02501	hisH:P60595
K02895	rplX:P60624
K01480	speB:P60651
K02500	hisF:P60664
K03644	lipA:P60716
K03801	lipB:P60720
K02926	rplD:P60723
K11085	msbA:P60752
K00765	hisG:P60757
K03596	lepA:P60785
K01892	hisS:P60906
K02890	rplV:P61175
K03634	lolA:P61316
K02494	lolB:P61320
K01673	can:P61517
K00794	ribH:P61714
K00973	rmlA:P61887
K00024	mdh:P61889
K03839	fldA:P61949
K02931	rplE:P62399
K01194	treF:P62601
K00919	ispE:P62615
K01770	ispF:P62617
K03526	ispG:P62620
K03527	ispH:P62623
K01834	gpmA:P62707
NotMapped	yaeH:P62768
K07400	nfuA:P63020
K03218	rlmB:P63177
K03271	gmhA:P63224
K03273	gmhB:P63228
K03695	clpB:P63284
K02065	mlaF:P63386
K06158	yheS:P63389
K03824	yhbS:P63417
K01448	amiC:P63883
K07054	ypfJ:P64429
NotMapped	ydcL:P64451
NotMapped	ydcY:P64455
K11530	lsrG:P64461
NotMapped	ydfZ:P64463
NotMapped	cnu:P64467
NotMapped	ydiH:P64476
NotMapped	ydiZ:P64479
NotMapped	yeaK:P64483
NotMapped	yoaC:P64490
K09712	yoaF:P64493
NotMapped	yebV:P64503
NotMapped	yebY:P64506
NotMapped	yodC:P64517
NotMapped	yodD:P64519
NotMapped	yohN:P64534
NotMapped	yfcL:P64540
K10026	ygcF:P64554
K09159	ygfY:P64559
NotMapped	yghW:P64574
NotMapped	yqjD:P64581
NotMapped	yqjI:P64588
NotMapped	yhaV:P64594
NotMapped	yraP:P64596
NotMapped	yhbT:P64599
K07122	mlaB:P64602
NotMapped	yrbL:P64610
K06916	yhcM:P64612
NotMapped	yhcN:P64614
K03623	yhcO:P64616
NotMapped	yheO:P64624
K07025	yrfG:P64636
K07490	feoC:P64638
NotMapped	ygdI:P65292
NotMapped	yqcA:P65367
K01554	yfcD:P65556
NotMapped	ygeY:P65807
K12961	diaA:P66817
NotMapped	yfgC:P66948
K06997	yggS:P67080
K07056	rsmI:P67087
K07095	yfcE:P67095
K09917	yoaH:P67338
K16137	nemR:P67430
K09900	yqfB:P67603
K09898	yheU:P67624
NotMapped	yhaJ:P67660
NotMapped	yddM:P67699
K06201	cutC:P67826
K03274	hldD:P67910
K06866	grcA:P68066
K10111	malK:P68187
K02972	sra:P68191
NotMapped	yjbJ:P68206
K11991	tadA:P68398
K15984	yhiQ:P68567
K02970	rpsU:P68679
K03674	grxA:P68688
K05982	nfi:P68739
K01255	pepA:P68767
K02897	rplY:P68919
K02518	infA:P69222
K07664	baeR:P69228
NotMapped	yefM:P69346
K07687	rcsB:P69407
K06080	rcsF:P69411
K03117	tatB:P69425
K03116	tatA:P69428
K00939	adk:P69441
K01897	fadD:P69451
K03926	cutA:P69488
K00759	apt:P69503
K07322	ytfE:P69506
K06078	lpp:P69776
K02777	crr:P69783
K02778	ptsG:P69786
K02759	chbA:P69791
K02760	chbB:P69795
K02793	manX:P69797
K02796	manZ:P69805
K02768	fruB:P69811
K02822	ulaB:P69822
K02773	gatA:P69828
K02806	ptsN:P69829
NotMapped	dmsD:P69853
K11072	potA:P69874
K01580	gadA:P69908
K01580	gadB:P69910
K03563	csrA:P69913
K00526	nrdB:P69924
K10763	hda:P69931
NotMapped	intF:P71298
K01714	yagE:P75682
K13979	yahK:P75691
NotMapped	yahO:P75694
K14977	ylbA:P75713
K03184	ubiF:P75728
K01175	ybfF:P75736
NotMapped	ybgK:P75745
K07160	ybgL:P75746
NotMapped	ybhK:P75767
K07336	ybiX:P75779
K16090	fiu:P75780
K06970	rlmF:P75782
NotMapped	ybiP:P75785
NotMapped	ybiU:P75791
K07757	supH:P75792
NotMapped	yliI:P75804
K07024	ybjI:P75809
K03212	rumB:P75817
NotMapped	ybjP:P75818
K11066	amiD:P75820
NotMapped	ybjS:P75821
K01620	ltaE:P75823
K09824	ybjX:P75829
K09136	ycaO:P75838
NotMapped	ycbL:P75849
K07140	ycbX:P75863
K12297	rlmL:P75864
K04770	ycbZ:P75867
K06929	yccU:P75874
K06969	rlmI:P75876
K12972	ghrA:P75913
K04477	ycdX:P75914
NotMapped	ycdY:P75915
K03810	mviM:P75931
K02390	flgE:P75937
NotMapped	ycfQ:P75952
K16291	ycfS:P75954
K09810	lolD:P75957
K00884	nagK:P75959
K12410	cobB:P75960
NotMapped	ymfK:P75974
NotMapped	ycgE:P75989
NotMapped	ymgA:P75992
NotMapped	ycgK:P76002
NotMapped	ycgM:P76004
K01297	ldcA:P76008
K05879	dhaL:P76014
K05878	dhaK:P76015
K15583	oppD:P76027
NotMapped	yciT:P76034
K06918	ycjX:P76046
K06889	ycjY:P76049
NotMapped	ydaL:P76053
K14058	ttcA:P76055
NotMapped	racR:P76062
NotMapped	ynaE:P76073
K09978	ydbL:P76076
K01912	paaK:P76085
NotMapped	ydcJ:P76097
K08303	ydcP:P76104
K02055	ydcS:P76108
K03823	yncA:P76112
K07119	yncB:P76113
NotMapped	yncE:P76116
NotMapped	yddH:P76121
K02035	ddpA:P76128
K11531	lsrR:P76141
K10555	lsrB:P76142
K08321	lsrF:P76143
K00598	tam:P76145
K08324	yneI:P76149
NotMapped	ynfB:P76170
NotMapped	ynfD:P76172
K04775	ydgD:P76176
NotMapped	ydgH:P76177
NotMapped	ydhF:P76187
NotMapped	ydhO:P76190
K16291	ynhG:P76193
K02426	sufE:P76194
K07283	ydiY:P76206
K06447	astD:P76217
K05777	ynjB:P76223
NotMapped	ynjH:P76227
K09916	yeaC:P76231
NotMapped	yeaE:P76234
NotMapped	yeaO:P76243
K13069	yeaP:P76245
K14742	yeaZ:P76256
NotMapped	kdgR:P76268
K07170	yebR:P76270
NotMapped	yebT:P76272
K11392	rsmF:P76273
K15256	cmoA:P76290
K15257	cmoB:P76291
K05396	dcyD:P76316
NotMapped	yedK:P76318
K07026	yedP:P76329
K02483	yedW:P76340
K07127	hiuH:P76341
K07147	yedY:P76342
K09933	mtfA:P76346
K05789	wzzB:P76372
K00012	ugd:P76373
K07799	mdtA:P76397
K09946	yegP:P76402
K08303	yegQ:P76403
K07029	yegS:P76407
K00941	thiD:P76422
K00878	thiM:P76423
NotMapped	yfaZ:P76471
K08722	yfbR:P76491
NotMapped	yfcR:P76501
K08296	sixA:P76502
K00632	fadI:P76503
NotMapped	yfdI:P76507
K07106	murQ:P76535
K07223	yfeX:P76536
NotMapped	ypeA:P76539
K04026	eutL:P76541
NotMapped	yffR:P76549
NotMapped	yffS:P76550
K00029	maeB:P76558
K06999	ypfH:P76561
K00537	yfgD:P76569
NotMapped	yfgJ:P76575
NotMapped	yfgM:P76576
K06894	yfhM:P76578
K09181	yfiQ:P76594
K15737	csiD:P76621
K01487	guaD:P76641
K03272	hldE:P76658
NotMapped	ydhS:P77148
K00868	pdxY:P77150
NotMapped	ydcI:P77171
K02617	paaY:P77181
K03805	dsbG:P77202
K07796	cusC:P77211
NotMapped	ykgC:P77212
K06048	ybdK:P77213
K07810	cusF:P77214
NotMapped	yahG:P77221
K07798	cusB:P77239
K01720	prpD:P77243
K15835	murR:P77245
K01112	yniC:P77247
NotMapped	ykgE:P77252
K10680	nemA:P77258
K02058	yphF:P77269
K02068	ybbL:P77279
K03612	rnfG:P77285
NotMapped	ygaV:P77295
NotMapped	yagI:P77300
NotMapped	ydaM:P77302
NotMapped	ybdR:P77316
K01138	ydeN:P77318
K15580	mppA:P77348
NotMapped	yphC:P77360
K06910	ybcL:P77368
NotMapped	ydgJ:P77376
K05838	ybbN:P77395
K01782	fadJ:P77399
K02083	allC:P77425
K00782	ykgG:P77433
K14261	yfdZ:P77434
K11717	sufS:P77444
K01425	glsA:P77454
NotMapped	yqaB:P77475
K01662	dxs:P77488
K09013	sufC:P77499
K09014	sufB:P77522
K00799	yfcG:P77526
K06956	ydjN:P77529
K03417	prpB:P77541
NotMapped	yfcF:P77544
NotMapped	ydhQ:P77552
NotMapped	yahJ:P77554
NotMapped	ynfL:P77559
NotMapped	ydeP:P77561
NotMapped	yaiW:P77562
K05818	mhpR:P77569
K09001	anmK:P77570
K04073	mhpF:P77580
K00840	astC:P77581
NotMapped	ydeQ:P77588
K02554	mhpD:P77608
NotMapped	flxA:P77609
K03615	rnfC:P77611
NotMapped	ycjW:P77615
NotMapped	yfeW:P77619
K01112	yfbT:P77625
NotMapped	ydcN:P77626
K08997	ydiU:P77649
K05997	sufA:P77667
K00137	prr:P77674
K09015	sufD:P77689
K07806	arnB:P77690
NotMapped	gnsB:P77695
K12500	tesC:P77712
K09914	ybaY:P77717
K03151	thiI:P77718
NotMapped	ydjF:P77721
NotMapped	yajO:P77735
K10823	oppF:P77737
NotMapped	yniA:P77739
K06911	ydiJ:P77748
NotMapped	spy:P77754
K06920	queC:P77756
NotMapped	yfgL:P77774
K07071	yfcH:P77775
NotMapped	ydiI:P77781
K08320	nudG:P77788
K00661	maa:P77791
K02052	ydcT:P77795
NotMapped	ydgA:P77804
K14287	ybdL:P77806
K03742	yfaY:P77808
K08313	fsaA:P78055
K01011	ynjE:P78067
K00146	feaB:P80668
K07714	atoC:Q06065
NotMapped	sbcB:Q2A0K9
NotMapped	yibT:Q2M7R5
NotMapped	yicS:Q2M7X4
K12943	ygeR:Q46798
K13479	xdhB:Q46800
K13480	xdhC:Q46801
NotMapped	ygeW:Q46803
K07141	ygfJ:Q46810
K01823	idi:Q46822
K01223	bglA:Q46829
K11209	yghU:Q46845
NotMapped	yghZ:Q46851
NotMapped	yqhC:Q46855
K08325	yqhD:Q46856
K06221	dkgA:Q46857
NotMapped	ygiQ:Q46861
K02035	ygiS:Q46863
K13655	mqsA:Q46864
K09806	yqiC:Q46868
K07229	yqjH:Q46871
NotMapped	ygbM:Q46891
K00991	ispD:Q46893
NotMapped	yqcC:Q46919
K06879	queF:Q46920
K01766	csdA:Q46925
NotMapped	ygdL:Q46927
K01815	kduI:Q46938
K00626	yqeF:Q46939
K03152	yajL:Q46948
K13635	cbl:Q47083
K14063	feaR:Q47129
K06445	fadE:Q47146
K07008	yafJ:Q47147
K07473	dinJ:Q47150
NotMapped	yafN:Q47156
K15551	tauA:Q47537
K12368	sapA:Q47622
K08590	yafV:Q47679
K00547	mmuM:Q47690
NotMapped	yqjK:Q47710
K06176	truD:Q57261
K01533	copA:Q59385
NotMapped	puuE:Q5H772
NotMapped	puuD:Q5H776
NotMapped	puuA:Q5H777
K01631	dgoA:Q6BF16
K01684	dgoD:Q6BF17
NotMapped	ymgG:Q7DFV3
K01515	nudF:Q93K97